Category,Job Role,Job Description,Keywors
Agriculture and Food Science,Agricultural Scientist,"Conducts research to improve agricultural productivity, crop yield, and sustainability.","Agriculture, Research, Crop Yield, Sustainability, Soil Science"
Agriculture and Food Science,Food Technologist,"Develops and improves food products, ensuring safety, quality, and compliance with regulations.","Food Safety, Quality Control, Product Development, Compliance, Nutrition"
Agriculture and Food Science,Agronomist,"Specializes in soil management and crop production, optimizing farming techniques for better yields.","Soil Management, Crop Production, Yield Optimization, Sustainable Farming"
Agriculture and Food Science,Horticulturist,"Studies and cultivates plants, flowers, and trees for agriculture, landscaping, and conservation.","Plant Science, Landscaping, Cultivation, Conservation, Botany"
Agriculture and Food Science,Soil Scientist,Analyzes soil composition and properties to enhance crop growth and environmental sustainability.,"Soil Analysis, Fertility, Land Management, Environmental Sustainability"
Agriculture and Food Science,Food Safety Inspector,"Ensures food products meet health, safety, and quality standards through inspections and regulations.","Inspection, Quality Assurance, Food Regulations, Compliance, Public Health"
Agriculture and Food Science,Agricultural Engineer,"Designs and develops machinery, equipment, and processes to improve agricultural efficiency.","Engineering, Machinery, Irrigation, Precision Agriculture, Automation"
Agriculture and Food Science,Dairy Technologist,"Develops dairy products and processes while ensuring safety, quality, and nutritional value.","Dairy Science, Quality Control, Product Development, Food Safety"
Agriculture and Food Science,Crop Consultant,"Advises farmers on crop management, soil health, pest control, and farming strategies.","Agronomy, Pest Control, Crop Management, Sustainable Agriculture"
Agriculture and Food Science,Livestock Geneticist,Conducts research on animal genetics to improve livestock breeding and production efficiency.,"Genetics, Breeding, Livestock Management, Biotechnology"
Aviation and Aerospace,Aerospace Engineer,"Designs and develops aircraft, spacecraft, satellites, and missile systems.","Aerodynamics, Spacecraft, Aircraft Design, Propulsion, Structural Engineering"
Aviation and Aerospace,Commercial Pilot,"Operates aircraft to transport passengers and cargo, ensuring safety and navigation.","Flight Operations, Navigation, Air Traffic Communication, Aviation Safety"
Aviation and Aerospace,Air Traffic Controller,Manages and directs aircraft movements in airspace to prevent collisions and ensure efficient traffic flow.,"Air Traffic Management, Radar Operations, Communication, Flight Coordination"
Aviation and Aerospace,Aircraft Maintenance Engineer,"Inspects, repairs, and maintains aircraft to ensure safety and regulatory compliance.","Aircraft Maintenance, Troubleshooting, Aviation Regulations, Safety Standards"
Aviation and Aerospace,Flight Test Engineer,"Conducts tests on aircraft systems, performance, and safety to validate designs.","Flight Testing, Data Analysis, Systems Evaluation, Aerodynamics, Safety Compliance"
Aviation and Aerospace,Aviation Safety Inspector,Enforces aviation regulations and conducts safety audits on aircraft and aviation operations.,"Regulatory Compliance, Safety Audits, Inspection, Risk Assessment, Aviation Law"
Aviation and Aerospace,UAV Pilot,"Operates unmanned aerial vehicles (drones) for surveillance, data collection, and commercial applications.","UAV Operations, Remote Piloting, Aerial Surveying, Drone Navigation, GIS"
Aviation and Aerospace,Spacecraft Systems Engineer,"Designs and integrates spacecraft systems, ensuring functionality and mission success.","Spacecraft Design, Systems Integration, Propulsion, Avionics, Mission Planning"
Aviation and Aerospace,Aerodynamics Specialist,Analyzes airflow and aerodynamic properties to improve aircraft and vehicle performance.,"Fluid Dynamics, Computational Aerodynamics, Wind Tunnel Testing, Aircraft Performance"
Aviation and Aerospace,Avionics Technician,"Installs, tests, and repairs aircraft electronic systems, including navigation and communication equipment.","Avionics, Electrical Systems, Navigation, Communication Systems, Troubleshooting"
Drones and UAV Technology,UAV Pilot,"Operates unmanned aerial vehicles (drones) for surveillance, mapping, and data collection.","UAV Operations, Remote Piloting, Aerial Surveying, Drone Navigation, GIS"
Drones and UAV Technology,Drone Engineer,"Designs, develops, and tests drone systems, including hardware and software components.","Drone Design, UAV Development, Aerodynamics, Robotics, Flight Systems"
Drones and UAV Technology,Remote Sensing Analyst,"Interprets satellite and drone imagery for environmental monitoring, agriculture, and mapping.","Remote Sensing, Image Analysis, GIS, Data Interpretation, Geospatial Analytics"
Drones and UAV Technology,UAV Data Analyst,Processes and analyzes data collected by drones for various applications like agriculture and construction.,"UAV Data Processing, GIS, Data Visualization, Remote Sensing, Survey Analytics"
Drones and UAV Technology,Drone Software Developer,"Develops and programs drone control systems, autonomous navigation, and data integration software.","UAV Software, Autonomous Flight, Embedded Systems, AI, Drone Programming"
Drones and UAV Technology,Drone Operations Manager,"Oversees drone deployment, compliance, and team operations for various industries.","UAV Fleet Management, Aviation Regulations, Logistics, Drone Deployment, Risk Assessment"
Drones and UAV Technology,GIS Mapping Specialist,"Creates and analyzes geospatial data for land mapping, infrastructure planning, and environmental studies.","GIS, Cartography, Remote Sensing, Spatial Analysis, Mapping Software"
Drones and UAV Technology,Aerial Surveyor,"Conducts aerial surveys using drones or aircraft for topographic, environmental, and infrastructure projects.","Surveying, Drone Mapping, LIDAR, Photogrammetry, 3D Modeling"
Drones and UAV Technology,Drone Maintenance Technician,"Repairs, maintains, and troubleshoots drones to ensure operational efficiency.","Drone Repair, UAV Troubleshooting, Electronics, Battery Management, Flight Diagnostics"
Drones and UAV Technology,Drone Delivery Specialist,Manages and operates drone-based delivery systems for logistics and e-commerce.,"Drone Logistics, Autonomous Delivery, Airspace Navigation, UAV Operations, Parcel Tracking"
Energy and Renewable Resources,Renewable Energy Engineer,"Designs and implements sustainable energy systems like solar, wind, and hydroelectric power.","Renewable Energy, Sustainable Design, Power Systems, Energy Efficiency, Green Technology"
Energy and Renewable Resources,Solar Energy Consultant,"Advises clients on solar energy solutions, cost analysis, and installation feasibility.","Solar Panels, PV Systems, Energy Audits, Cost Analysis, Sustainability"
Energy and Renewable Resources,Wind Turbine Technician,"Installs, maintains, and repairs wind turbines for optimal performance.","Wind Energy, Turbine Maintenance, Electrical Systems, Mechanical Repairs, Safety Compliance"
Energy and Renewable Resources,Energy Analyst,Analyzes energy consumption data to optimize efficiency and sustainability efforts.,"Energy Efficiency, Data Analysis, Power Consumption, Renewable Energy, Carbon Footprint"
Energy and Renewable Resources,Battery Storage Engineer,Develops and optimizes energy storage solutions for renewable power systems.,"Battery Technology, Energy Storage, Lithium-ion, Grid Integration, Power Management"
Energy and Renewable Resources,Hydroelectric Plant Engineer,"Designs, operates, and maintains hydroelectric power plants for energy production.","Hydropower, Turbine Systems, Electrical Engineering, Water Flow Optimization, Grid Connectivity"
Energy and Renewable Resources,Sustainability Consultant,Advises organizations on eco-friendly practices and renewable energy integration.,"Sustainability, Environmental Policy, Carbon Reduction, Green Initiatives, ESG Compliance"
Energy and Renewable Resources,Smart Grid Analyst,Develops and optimizes smart grid systems to improve energy distribution and efficiency.,"Smart Grids, Power Systems, IoT, Grid Modernization, Energy Distribution"
Energy and Renewable Resources,Geothermal Engineer,Designs and develops geothermal energy systems for electricity and heating applications.,"Geothermal Energy, Heat Transfer, Power Plants, Renewable Resources, Thermal Efficiency"
Energy and Renewable Resources,Bioenergy Scientist,Researches and develops biofuels and biomass energy solutions for sustainable power.,"Biofuels, Biomass, Biochemical Engineering, Renewable Energy, Sustainable Fuels"
Food Science and Nutrition,Nutritionist,Advises individuals on healthy eating habits and nutritional balance.,"Nutrition Planning, Dietary Guidance, Wellness, Macronutrients, Public Health"
Food Science and Nutrition,Food Scientist,"Studies food composition, preservation, and safety to enhance food quality.","Food Chemistry, Preservation, R&D, Quality Control, Sensory Analysis"
Food Science and Nutrition,Dietitian,Creates personalized meal plans based on medical and dietary needs.,"Diet Planning, Clinical Nutrition, Meal Management, Health Coaching, Patient Care"
Food Science and Nutrition,Quality Control Analyst (Food),Ensures food products meet safety and quality standards through testing and analysis.,"Food Safety, Quality Assurance, Lab Testing, Regulatory Compliance, HACCP"
Food Science and Nutrition,Clinical Nutritionist,Provides nutrition therapy to patients with medical conditions.,"Medical Nutrition, Patient Assessment, Therapeutic Diets, Healthcare, Chronic Disease Management"
Food Science and Nutrition,Food Safety Auditor,Inspects and evaluates food production facilities for compliance with regulations.,"HACCP, Food Regulations, Auditing, Quality Assurance, Compliance"
Food Science and Nutrition,Flavor Chemist,Develops and enhances flavors in food and beverage products through chemical analysis.,"Sensory Science, Food Chemistry, Artificial & Natural Flavors, R&D, Analytical Testing"
Food Science and Nutrition,Sports Nutritionist,Designs nutrition programs to optimize athletic performance and recovery.,"Sports Dietetics, Performance Nutrition, Hydration, Macronutrient Optimization, Athlete Health"
Food Science and Nutrition,Food Product Developer,Creates and tests new food products to meet market demand and quality standards.,"Food Innovation, Product Formulation, Consumer Testing, Sensory Evaluation, R&D"
Food Science and Nutrition,Research Chef,Combines culinary expertise with food science to develop innovative food products.,"Culinary Science, R&D, Flavor Profiling, Ingredient Functionality, Food Technology"
Arts and Humanities,Art Curator,"Manages art collections, organizes exhibitions, and oversees acquisitions for museums or galleries.","Art Collection, Exhibition Planning, Art History, Curation, Preservation"
Arts and Humanities,Creative Writer,"Produces original written content, including fiction, poetry, scripts, or marketing materials.","Storytelling, Content Creation, Editing, Imagination, Narrative Structure"
Arts and Humanities,Museum Archivist,"Preserves, organizes, and manages historical documents, artworks, and artifacts.","Archival Research, Conservation, Cataloging, Documentation, Preservation Techniques"
Arts and Humanities,Cultural Anthropologist,"Studies human cultures, traditions, and societies through research and fieldwork.","Ethnography, Cultural Analysis, Field Research, Social Behavior, Anthropology"
Arts and Humanities,Art Director,"Leads visual design projects in advertising, film, and publishing industries.","Visual Aesthetics, Graphic Design, Brand Identity, Concept Development, Creative Strategy"
Arts and Humanities,Historian,"Researches, analyzes, and interprets past events using historical sources.","Historical Research, Archival Analysis, Critical Thinking, Writing, Documentation"
Arts and Humanities,Music Composer,"Creates original music for various mediums, including film, television, and live performances.","Music Theory, Composition, Sound Design, Orchestration, Creativity"
Arts and Humanities,Literature Professor,"Teaches and researches literature, analyzing texts and literary movements.","Literary Analysis, Teaching, Research, Critical Thinking, Writing"
Arts and Humanities,Theatre Director,Oversees the artistic vision and performance of stage productions.,"Stage Direction, Acting, Script Interpretation, Production Management, Creativity"
Arts and Humanities,Philosophy Lecturer,"Teaches and researches philosophical concepts, ethics, and theories.","Critical Thinking, Ethics, Logic, Debate, Academic Writing"
Blockchain and Cryptocurrency,Blockchain Developer,"Designs, develops, and maintains blockchain applications and smart contracts.","Solidity, Ethereum, Hyperledger, DApp Development, Cryptography"
Blockchain and Cryptocurrency,Smart Contract Engineer,Builds and audits self-executing contracts on blockchain platforms.,"Solidity, Rust, Smart Contract Security, Web3, Gas Optimization"
Blockchain and Cryptocurrency,Crypto Analyst,"Analyzes cryptocurrency markets, trends, and blockchain projects.","Market Research, Technical Analysis, Tokenomics, Blockchain Data"
Blockchain and Cryptocurrency,Web3 Developer,Develops decentralized applications (DApps) and integrates blockchain technology.,"Web3.js, Solidity, Decentralized Protocols, NFTs, IPFS"
Blockchain and Cryptocurrency,DeFi Strategist,Designs and implements strategies for decentralized finance (DeFi) applications.,"Yield Farming, Liquidity Pools, Tokenomics, Governance Models"
Blockchain and Cryptocurrency,Blockchain Security Consultant,Identifies and mitigates security vulnerabilities in blockchain systems.,"Smart Contract Auditing, Penetration Testing, Cryptography, Secure Coding"
Blockchain and Cryptocurrency,NFT Marketplace Manager,"Oversees NFT trading platforms, marketing, and user engagement.","NFT Strategy, Community Management, Blockchain Trends, Digital Collectibles"
Blockchain and Cryptocurrency,Crypto Trader,Buys and sells cryptocurrencies based on market trends and technical analysis.,"Trading Strategies, Risk Management, Arbitrage, Candlestick Patterns"
Blockchain and Cryptocurrency,Tokenomics Expert,Designs the economic models behind cryptocurrency and token projects.,"Token Supply, Staking Models, Incentive Structures, Governance"
Blockchain and Cryptocurrency,Blockchain Project Manager,Manages blockchain development projects and coordinates teams.,"Agile Methodology, Scrum, Smart Contract Deployment, Risk Management"
E-commerce and Digital Marketing,E-commerce Manager,"Oversees online retail operations, marketing, and sales strategies.","Shopify, Amazon, Dropshipping, Conversion Optimization"
E-commerce and Digital Marketing,Digital Marketing Strategist,Develops and implements digital marketing campaigns.,"SEO, PPC, Content Marketing, Analytics, Branding"
E-commerce and Digital Marketing,SEO Specialist,Optimizes websites to rank higher on search engines.,"Keyword Research, On-Page SEO, Link Building, Google Analytics"
E-commerce and Digital Marketing,Social Media Manager,Manages brand presence and engagement on social media platforms.,"Content Creation, Community Management, Paid Ads, Analytics"
E-commerce and Digital Marketing,PPC Campaign Manager,Runs pay-per-click (PPC) ad campaigns for maximum ROI.,"Google Ads, Meta Ads, A/B Testing, Bid Optimization"
E-commerce and Digital Marketing,UI/UX Designer,Designs user-friendly and visually appealing digital interfaces.,"Wireframing, Prototyping, Figma, User Research"
E-commerce and Digital Marketing,Influencer Marketing Manager,Collaborates with influencers to promote products and brands.,"Influencer Outreach, Affiliate Marketing, Brand Partnerships"
E-commerce and Digital Marketing,Email Marketing Specialist,Creates and optimizes email campaigns for lead generation and sales.,"Email Automation, A/B Testing, Copywriting, CRM Tools"
E-commerce and Digital Marketing,Conversion Rate Optimization (CRO) Analyst,Improves website performance and sales through data-driven testing.,"A/B Testing, Heatmaps, Funnel Analysis, Landing Page Optimization"
E-commerce and Digital Marketing,"Marketplace Analyst (Amazon, Shopify, etc.)",Analyzes e-commerce marketplace performance and optimizes sales.,"Amazon FBA, Shopify Analytics, Competitive Research, Pricing Strategy"
Entertainment and Performing Arts,Film Director,"Oversees the artistic and creative aspects of a film, guiding the cast and crew.","Cinematography, Storytelling, Script Analysis, Visual Composition"
Entertainment and Performing Arts,Actor/Actress,"Performs in films, TV shows, theater, or commercials, bringing characters to life.","Method Acting, Improvisation, Screen Presence, Character Development"
Entertainment and Performing Arts,Music Producer,"Oversees music production, including recording, mixing, and mastering.","Audio Engineering, Beat Making, DAW (Logic, FL Studio), Sound Mixing"
Entertainment and Performing Arts,Choreographer,Designs and directs dance routines for performances and productions.,"Dance Composition, Movement Direction, Rhythm Coordination"
Entertainment and Performing Arts,Voiceover Artist,"Provides vocal performances for animations, ads, audiobooks, and more.","Voice Modulation, Diction, Accent Adaptation, Studio Recording"
Entertainment and Performing Arts,Sound Designer,"Creates and manipulates audio elements for films, games, or music.","Foley Art, Sound Effects, Audio Synthesis, Field Recording"
Entertainment and Performing Arts,Playwright,"Writes scripts for stage plays, theater, or performances.","Scriptwriting, Dialogue Crafting, Story Structure, Dramatic Writing"
Entertainment and Performing Arts,Costume Designer,"Designs and creates costumes for films, theater, and performances.","Fabric Selection, Fashion Design, Historical Accuracy, Wardrobe Styling"
Entertainment and Performing Arts,Lighting Technician,"Manages lighting for stage, film, and TV productions.","Stage Lighting, Color Theory, DMX Control, Set Illumination"
Entertainment and Performing Arts,Talent Manager,"Represents and manages artists, actors, and performers.","Contract Negotiation, Career Strategy, Branding, Networking"
Gaming and Game Development,Game Developer,Codes and develops video games across various platforms.,"C++, Unity, Unreal Engine, Game Logic, AI Scripting"
Gaming and Game Development,Game Designer,"Creates game mechanics, storylines, and interactive experiences.","Game Mechanics, Level Design, Narrative Design, System Balancing"
Gaming and Game Development,Game Animator,"Designs and animates characters, environments, and visual effects for games.","3D Animation, Motion Capture, Rigging, Blender, Maya"
Gaming and Game Development,Level Designer,Develops immersive and challenging game environments.,"Environment Design, 3D Modeling, World-Building, Spatial Awareness"
Gaming and Game Development,Game Tester (QA),"Tests video games for bugs, glitches, and overall user experience.","Playtesting, Bug Reporting, Quality Assurance, Debugging"
Gaming and Game Development,AI Engineer for Games,Develops artificial intelligence behaviors for NPCs and in-game logic.,"Machine Learning, Pathfinding, AI Behavior Trees, Neural Networks"
Gaming and Game Development,Sound Designer for Games,Creates and integrates sound effects and music for video games.,"FMOD, Wwise, Adaptive Audio, Sound Mixing"
Gaming and Game Development,Virtual Reality Developer,Designs immersive VR experiences and applications.,"VR Development, 3D Environments, Unity VR, Unreal VR"
Gaming and Game Development,Esports Coach,Trains professional gaming teams to improve competitive performance.,"Game Strategy, Player Development, Data Analysis, Tournament Prep"
Gaming and Game Development,Game Economy Designer,"Designs in-game economies, virtual currencies, and reward systems.","Virtual Currency, Monetization Strategy, Player Engagement, Market Balancing"
Astronomy and Space Exploration,Astrophysicist,Studies the physics of celestial bodies and the universe.,"Theoretical Physics, Data Analysis, Observational Astronomy, Spectroscopy"
Astronomy and Space Exploration,Space Scientist,"Conducts research on space exploration, planetary science, and astrophysics.","Space Research, Satellite Data, Radiation Analysis, Computational Modeling"
Astronomy and Space Exploration,Aerospace Engineer,"Designs, tests, and develops aircraft and spacecraft systems.","Aerodynamics, Propulsion Systems, Structural Analysis, CAD"
Astronomy and Space Exploration,Planetary Geologist,"Studies the geology of planets, moons, and asteroids.","Rock Formation, Planetary Surfaces, Remote Sensing, Fieldwork"
Astronomy and Space Exploration,Space Mission Planner,"Develops strategies for space missions, including trajectory planning and logistics.","Orbital Mechanics, Mission Design, Systems Engineering, Risk Assessment"
Astronomy and Space Exploration,Telescope Operator,Manages the operation and maintenance of telescopes for astronomical observations.,"Optics, Remote Sensing, Data Acquisition, Image Processing"
Astronomy and Space Exploration,Satellite Data Analyst,Analyzes satellite imagery and data for scientific or commercial applications.,"GIS, Remote Sensing, Spectral Analysis, Image Interpretation"
Astronomy and Space Exploration,Cosmologist,"Studies the origins, evolution, and large-scale structure of the universe.","Theoretical Modeling, Dark Matter, General Relativity, Quantum Mechanics"
Astronomy and Space Exploration,Space Weather Scientist,Monitors and predicts solar activity and its effects on Earth and space systems.,"Solar Physics, Magnetosphere, Radiation Belt Studies, Data Simulation"
Astronomy and Space Exploration,Spacecraft Systems Engineer,Designs and integrates spacecraft subsystems and ensures mission success.,"Systems Engineering, Thermal Control, Avionics, Aerospace Materials"
Cybersecurity and IT,Cybersecurity Analyst,Protects IT systems from cyber threats and vulnerabilities.,"Risk Analysis, Intrusion Detection, SIEM, Threat Intelligence"
Cybersecurity and IT,Ethical Hacker,Conducts penetration testing to identify security weaknesses.,"Pen Testing, Exploit Development, OSINT, Social Engineering"
Cybersecurity and IT,Network Security Engineer,Implements and maintains secure network infrastructures.,"Firewall Configuration, VPN, IDS/IPS, Network Protocols"
Cybersecurity and IT,IT Security Consultant,Advises organizations on best security practices and strategies.,"Compliance, Risk Management, Security Audits, Governance"
Cybersecurity and IT,Digital Forensic Analyst,Investigates cybercrimes and analyzes digital evidence.,"Incident Response, Malware Analysis, Forensic Tools, Chain of Custody"
Cybersecurity and IT,Cloud Security Engineer,Ensures the security of cloud computing environments.,"Cloud Architecture, IAM, Zero Trust, Encryption"
Cybersecurity and IT,SOC (Security Operations Center) Analyst,Monitors security events and responds to cyber threats.,"SIEM, Threat Hunting, Incident Management, Log Analysis"
Cybersecurity and IT,Malware Analyst,Analyzes and reverse-engineers malware to understand threats.,"Reverse Engineering, Sandboxing, Static & Dynamic Analysis"
Cybersecurity and IT,Penetration Tester,Simulates cyberattacks to assess security defenses.,"Vulnerability Assessment, Red Teaming, Exploit Development"
Cybersecurity and IT,CISO (Chief Information Security Officer),Leads an organization's cybersecurity strategy and governance.,"Risk Management, Compliance, Cyber Defense Planning"
Education and Training,Educational Consultant,Advises institutions on curriculum and instructional strategies.,"Pedagogy, Assessment, Policy Development, Education Trends"
Education and Training,Instructional Designer,Develops educational materials and learning experiences.,"Learning Theories, E-learning, Storyboarding, Course Design"
Education and Training,Curriculum Developer,Designs and revises academic curricula based on learning outcomes.,"Curriculum Mapping, Standards Alignment, Instructional Methods"
Education and Training,eLearning Specialist,Creates and manages online learning programs.,"LMS, SCORM, Gamification, Online Pedagogy"
Education and Training,Corporate Trainer,Trains employees in professional and technical skills.,"Leadership Development, Soft Skills Training, Workshop Facilitation"
Education and Training,Academic Researcher,Conducts research in education and pedagogy.,"Research Methodologies, Data Analysis, Publishing, Peer Review"
Education and Training,School Principal,Manages school operations and academic performance.,"Leadership, Student Affairs, Staff Management, Education Policy"
Education and Training,Higher Education Administrator,Oversees operations in colleges and universities.,"Accreditation, Student Services, Institutional Governance"
Education and Training,Online Course Creator,Develops and markets educational courses for online platforms.,"Content Creation, Video Editing, Digital Marketing, Course Monetization"
Education and Training,Special Education Teacher,Educates students with disabilities and special needs.,"IEP (Individualized Education Plan), Adaptive Learning, Behavioral Support"
Fashion and Textile Industry,Fashion Designer,"Creates original clothing, accessories, and footwear.","Sketching, Pattern Making, Fabric Selection, Trend Analysis"
Fashion and Textile Industry,Textile Technologist,Develops and tests textiles for durability and functionality.,"Fabric Testing, Dyeing, Weaving, Fiber Science"
Fashion and Textile Industry,Fashion Stylist,"Curates outfits and looks for clients, brands, or media.","Personal Styling, Wardrobe Selection, Trend Forecasting"
Fashion and Textile Industry,Apparel Production Manager,Oversees clothing manufacturing processes and quality.,"Supply Chain, Quality Control, Production Scheduling"
Fashion and Textile Industry,Trend Forecaster,Predicts fashion trends based on data and market research.,"Market Analysis, Consumer Behavior, Data Interpretation"
Fashion and Textile Industry,Fashion Merchandiser,Plans and manages product selection for retail.,"Visual Merchandising, Inventory Management, Sales Analytics"
Fashion and Textile Industry,Costume Designer,"Designs costumes for films, theater, and TV.","Historical Research, Wardrobe Coordination, Sewing"
Fashion and Textile Industry,Sustainable Fashion Consultant,Develops eco-friendly and ethical fashion solutions.,"Circular Fashion, Sustainable Materials, Ethical Sourcing"
Fashion and Textile Industry,Fashion Photographer,Captures fashion images for magazines and advertisements.,"Editorial Photography, Lighting Techniques, Retouching"
Fashion and Textile Industry,Personal Shopper,Assists clients in selecting fashion items.,"Client Relations, Trend Awareness, Retail Expertise"
Hospitality and Tourism,Hotel Manager,Oversees hotel operations and guest services.,"Hospitality Management, Revenue Optimization, Customer Service"
Hospitality and Tourism,Travel Consultant,Plans and books travel itineraries for clients.,"Destination Knowledge, Trip Planning, Booking Systems"
Hospitality and Tourism,Event Planner,"Organizes and manages events, conferences, and weddings.","Budgeting, Vendor Coordination, Logistics"
Hospitality and Tourism,Tourism Marketing Manager,Promotes travel destinations and tourism services.,"Digital Marketing, Branding, Customer Engagement"
Hospitality and Tourism,Resort Operations Manager,Manages resort staff and guest experiences.,"Facility Management, Guest Relations, Operations Planning"
Hospitality and Tourism,Cruise Director,Coordinates entertainment and activities on a cruise ship.,"Program Management, Public Speaking, Event Coordination"
Hospitality and Tourism,Concierge,"Provides guests with travel, dining, and entertainment recommendations.","Local Expertise, Customer Service, Problem-Solving"
Hospitality and Tourism,Sommelier,Specializes in wine selection and pairing.,"Wine Tasting, Vineyard Knowledge, Food Pairing"
Hospitality and Tourism,Adventure Tour Guide,Leads outdoor adventure tours and experiences.,"Survival Skills, First Aid, Destination Expertise"
Hospitality and Tourism,Restaurant Operations Manager,Oversees restaurant management and customer service.,"Food Safety, Staff Supervision, Profitability Analysis"
Legal and Compliance,Corporate Lawyer,Handles legal aspects of business transactions.,"Contract Law, Mergers & Acquisitions, Compliance"
Legal and Compliance,Compliance Officer,Ensures businesses adhere to legal regulations.,"Risk Management, Regulatory Compliance, Internal Audits"
Legal and Compliance,Legal Consultant,Provides expert legal advice to clients and organizations.,"Legal Research, Negotiation, Policy Drafting"
Legal and Compliance,Intellectual Property Attorney,"Specializes in patents, copyrights, and trademarks.","IP Law, Licensing, Patent Prosecution"
Legal and Compliance,Data Privacy Officer,Manages company data protection policies.,"GDPR, Cyber Law, Information Security"
Legal and Compliance,Contract Manager,Oversees contract negotiations and agreements.,"Contract Drafting, Risk Assessment, Legal Analysis"
Legal and Compliance,Paralegal,Assists lawyers with legal research and documentation.,"Case Preparation, Legal Writing, Court Procedures"
Legal and Compliance,Human Rights Lawyer,Advocates for human rights and social justice.,"International Law, Litigation, Policy Advocacy"
Legal and Compliance,Environmental Law Specialist,Handles legal cases related to environmental protection.,"Sustainability Law, Regulatory Compliance, Climate Policy"
Legal and Compliance,Cyber Law Specialist,Focuses on laws governing digital crimes and security.,"Cybersecurity Law, Data Protection, Intellectual Property"
Public Sector and Government,Policy Analyst,Researches and advises on public policies.,"Public Policy, Data Interpretation, Legislative Analysis"
Public Sector and Government,Civil Servant,Works in government agencies to implement policies.,"Bureaucracy, Public Administration, Governance"
Public Sector and Government,Diplomat,Represents a country in international relations.,"Foreign Policy, Negotiation, Geopolitics"
Public Sector and Government,Government Relations Specialist,Manages interactions between organizations and government.,"Lobbying, Policy Advocacy, Regulatory Compliance"
Public Sector and Government,Urban Planner,Designs and develops city planning initiatives.,"Zoning, Sustainable Development, Infrastructure Planning"
Public Sector and Government,Public Health Officer,Oversees community health programs and policies.,"Epidemiology, Healthcare Policy, Disease Prevention"
Public Sector and Government,Intelligence Analyst,Analyzes security threats for law enforcement agencies.,"Counterterrorism, Data Analysis, Risk Assessment"
Public Sector and Government,Social Welfare Administrator,Manages social programs for public well-being.,"Community Outreach, Social Work, Policy Implementation"
Public Sector and Government,Election Officer,Oversees the fair conduct of elections.,"Electoral Laws, Voter Education, Risk Mitigation"
Public Sector and Government,Economic Development Officer,Works on strategies to improve local economies.,"Economic Policy, Market Research, Development Planning"
Sports and Athletics,Sports Coach,Trains and mentors athletes for performance improvement.,"Leadership, Strategy, Player Development, Team Building"
Sports and Athletics,Athletic Trainer,Provides injury prevention and rehabilitation for athletes.,"Sports Medicine, Injury Management, Physical Therapy"
Sports and Athletics,Sports Psychologist,Helps athletes improve mental performance and focus.,"Cognitive Training, Motivation, Mental Resilience"
Sports and Athletics,Strength and Conditioning Coach,Designs fitness programs to enhance athletic performance.,"Strength Training, Endurance, Biomechanics"
Sports and Athletics,Professional Athlete,Competes in sports at a high level.,"Physical Fitness, Competitive Mindset, Discipline"
Sports and Athletics,Sports Journalist,Reports on sports events and athletes.,"Journalism, Broadcasting, Sports Commentary"
Sports and Athletics,Referee/Umpire,Enforces game rules and ensures fair play.,"Rule Interpretation, Decision-Making, Conflict Resolution"
Sports and Athletics,Esports Manager,Oversees professional esports teams and tournaments.,"Team Management, Sponsorships, Game Strategy"
Sports and Athletics,Performance Analyst,Uses data to analyze and improve athlete performance.,"Sports Analytics, Data Visualization, Game Tactics"
Sports and Athletics,Sports Physiotherapist,Treats and prevents injuries in athletes.,"Rehabilitation, Injury Assessment, Movement Therapy"
Marine and Oceanography,Marine Biologist,Studies marine organisms and ecosystems.,"Marine Ecology, Conservation, Research"
Marine and Oceanography,Oceanographer,"Investigates ocean currents, climate, and ecosystems.","Hydrodynamics, Climate Science, Data Analysis"
Marine and Oceanography,Coastal Engineer,Designs and protects coastal infrastructure.,"Shoreline Protection, Hydraulics, Structural Engineering"
Marine and Oceanography,Marine Environmental Consultant,Advises on environmental impact and sustainability.,"Policy Development, Environmental Risk, Conservation"
Marine and Oceanography,Fisheries Scientist,Manages and studies fish populations for sustainability.,"Aquatic Biology, Fisheries Management, Marine Resources"
Marine and Oceanography,Underwater Archaeologist,Studies submerged cultural artifacts and shipwrecks.,"Marine Excavation, Historical Research, Diving"
Marine and Oceanography,Aquaculture Specialist,Develops sustainable fish farming techniques.,"Hatchery Management, Aquatic Health, Sustainable Practices"
Marine and Oceanography,Marine Policy Expert,Develops laws and policies for marine conservation.,"Environmental Law, Policy Advocacy, Regulatory Compliance"
Marine and Oceanography,Submersible Pilot,Operates underwater vehicles for exploration.,"Deep-Sea Navigation, Robotics, Mechanical Systems"
Marine and Oceanography,Coral Reef Conservationist,Protects and restores coral reef ecosystems.,"Reef Monitoring, Climate Adaptation, Marine Biology"
Creative Arts & Design,Graphic Designer,"Creates visual content for branding, marketing, and digital platforms.","Creativity, Adobe Suite, Branding, UI/UX"
Creative Arts & Design,Art Director,"Oversees creative direction for advertising, publishing, or film.","Leadership, Aesthetics, Concept Development"
Creative Arts & Design,Illustrator,"Produces original artwork for books, media, or advertisements.","Drawing, Digital Illustration, Creativity"
Creative Arts & Design,Interior Designer,Designs functional and aesthetic interior spaces.,"Space Planning, CAD, Color Theory"
Creative Arts & Design,Fashion Designer,Creates clothing and accessory designs.,"Textile Knowledge, Pattern Making, Trend Analysis"
Creative Arts & Design,Video Editor,Edits and assembles raw footage for storytelling.,"Adobe Premiere, Motion Graphics, Storyboarding"
Creative Arts & Design,3D Animator,"Develops animated content for films, games, and commercials.","3D Modeling, Animation, Rendering"
Creative Arts & Design,Set Designer,"Designs physical environments for theater, film, and TV productions.","Spatial Design, Creativity, Construction"
Creative Arts & Design,Photography Director,Oversees visual storytelling and composition for photography projects.,"Lighting, Framing, Camera Equipment"
Creative Arts & Design,UX/UI Designer,Designs user-friendly digital interfaces for websites and apps.,"Wireframing, Prototyping, User Research"
Human Resources & Recruitment,HR Manager,"Manages employee relations, policies, and workplace culture.","Employee Engagement, HR Compliance, Leadership"
Human Resources & Recruitment,Recruitment Specialist,"Sources, screens, and hires candidates for job openings.","Talent Acquisition, Screening, Negotiation"
Human Resources & Recruitment,Payroll Specialist,"Manages employee salaries, benefits, and tax deductions.","Payroll Processing, Compliance, Accounting"
Human Resources & Recruitment,HR Business Partner,Aligns HR strategies with business goals and workforce planning.,"Strategy, Leadership, Organizational Development"
Human Resources & Recruitment,Compensation & Benefits Analyst,Designs and manages employee benefits and salary structures.,"Benchmarking, Employee Retention, Analytics"
Human Resources & Recruitment,Learning & Development Manager,Develops training programs to enhance employee skills.,"Training, Leadership, Talent Development"
Human Resources & Recruitment,HR Data Analyst,Analyzes HR metrics to improve workforce efficiency.,"Data Analysis, Workforce Planning, HR Technology"
Human Resources & Recruitment,Diversity & Inclusion Officer,Promotes workplace diversity and equal opportunities.,"Equity, Inclusion, Compliance"
Human Resources & Recruitment,Employee Relations Specialist,Handles workplace disputes and ensures compliance with labor laws.,"Conflict Resolution, Mediation, Compliance"
Human Resources & Recruitment,Talent Development Coach,Helps employees grow professionally and personally.,"Coaching, Training, Leadership"
Customer Service & Support,Customer Service Representative,Assists customers with inquiries and problem resolution.,"Communication, Empathy, Problem-Solving"
Customer Service & Support,Call Center Manager,Oversees customer service teams and call center operations.,"Leadership, Call Management, KPI Analysis"
Customer Service & Support,Technical Support Specialist,Provides troubleshooting and technical assistance to customers.,"IT Knowledge, Troubleshooting, Customer Service"
Customer Service & Support,Client Success Manager,Ensures customer satisfaction and retention through service excellence.,"Relationship Management, Communication, Support"
Customer Service & Support,Help Desk Analyst,Responds to IT-related issues and assists users.,"IT Support, Troubleshooting, Communication"
Customer Service & Support,E-commerce Customer Support Specialist,Handles queries and complaints for online businesses.,"E-commerce, Order Management, Communication"
Customer Service & Support,Chat Support Agent,Provides real-time assistance through digital chat platforms.,"Typing Speed, Customer Engagement, Problem-Solving"
Customer Service & Support,Complaint Resolution Specialist,Investigates and resolves customer disputes.,"Negotiation, Conflict Resolution, Empathy"
Customer Service & Support,User Experience (UX) Researcher,Analyzes customer behavior to enhance service design.,"Data Analysis, Customer Insights, Research"
Customer Service & Support,Service Quality Auditor,Ensures adherence to customer service standards.,"Quality Assurance, Metrics Analysis, Auditing"
Supply Chain & Logistics,Supply Chain Manager,Oversees the movement of goods from production to delivery.,"Logistics, Procurement, Inventory Management"
Supply Chain & Logistics,Logistics Coordinator,Manages transportation and distribution processes.,"Route Optimization, Scheduling, Coordination"
Supply Chain & Logistics,Inventory Control Specialist,Maintains stock levels and minimizes waste.,"Stock Analysis, Forecasting, ERP Systems"
Supply Chain & Logistics,Procurement Officer,Sources suppliers and negotiates contracts.,"Vendor Management, Cost Reduction, Compliance"
Supply Chain & Logistics,Warehouse Manager,Supervises storage and handling of goods in warehouses.,"Warehouse Operations, Safety Compliance, Inventory"
Supply Chain & Logistics,Freight Forwarder,Arranges shipments for import/export logistics.,"Global Trade, Customs, Shipping Documentation"
Supply Chain & Logistics,Fleet Manager,Oversees company vehicles and drivers.,"Fleet Maintenance, Route Planning, Compliance"
Supply Chain & Logistics,Demand Planner,Predicts inventory needs based on market trends.,"Data Analysis, Forecasting, Supply Planning"
Supply Chain & Logistics,Customs Broker,Ensures regulatory compliance in international shipping.,"Import/Export Laws, Tariffs, Documentation"
Supply Chain & Logistics,Last-Mile Delivery Manager,Optimizes final delivery to customers.,"Distribution, Logistics, Customer Satisfaction"
Retail & E-Commerce,E-commerce Manager,"Oversees online sales, platform operations, and digital marketing strategies.","Online Sales, SEO, Digital Marketing, Data Analytics"
Retail & E-Commerce,Retail Store Manager,"Manages store operations, sales, and customer service.","Leadership, Inventory Management, Customer Satisfaction"
Retail & E-Commerce,Merchandising Manager,Plans and executes product displays and promotions.,"Visual Merchandising, Trend Analysis, Sales Growth"
Retail & E-Commerce,Supply Chain Coordinator,Ensures efficient product flow from suppliers to stores.,"Logistics, Vendor Management, Demand Forecasting"
Retail & E-Commerce,Category Manager,Manages product categories and pricing strategies.,"Market Research, Profit Optimization, Negotiation"
Retail & E-Commerce,E-commerce UX Designer,Designs user-friendly interfaces for online shopping platforms.,"UI/UX, Wireframing, Customer Experience"
Retail & E-Commerce,Customer Retention Specialist,Develops loyalty programs to increase repeat customers.,"CRM, Customer Engagement, Data Analysis"
Retail & E-Commerce,"Marketplace Analyst (Amazon, Shopify, etc.)",Analyzes online marketplace performance and competition.,"Data Analysis, Competitive Research, Performance Metrics"
Retail & E-Commerce,Warehouse & Fulfillment Manager,"Oversees order processing, storage, and logistics.","Inventory Control, Order Fulfillment, Logistics Management"
Retail & E-Commerce,Social Media Sales Specialist,Uses social media platforms to drive e-commerce sales.,"Digital Marketing, Content Strategy, Engagement"
Hospitality & Tourism,Hotel Manager,"Manages hotel operations, guest experience, and staff.","Leadership, Customer Service, Revenue Management"
Hospitality & Tourism,Event Planner,"Organizes corporate and social events, ensuring smooth execution.","Logistics, Budgeting, Vendor Coordination"
Hospitality & Tourism,Travel Consultant,"Assists clients in booking flights, accommodations, and tours.","Destination Knowledge, Customer Service, Booking Systems"
Hospitality & Tourism,Cruise Director,Oversees entertainment and activities on a cruise ship.,"Hospitality, Guest Engagement, Event Planning"
Hospitality & Tourism,Concierge,Provides personalized services to enhance guest experiences.,"Customer Relations, Local Knowledge, Problem-Solving"
Hospitality & Tourism,Tourism Marketing Manager,Develops promotional campaigns for travel destinations.,"Branding, Digital Marketing, Market Research"
Hospitality & Tourism,Resort Operations Manager,"Manages resort facilities, staff, and guest services.","Operations Management, Customer Experience, Hospitality"
Hospitality & Tourism,Sommelier,Advises on wine selections in fine dining establishments.,"Wine Expertise, Food Pairing, Customer Service"
Hospitality & Tourism,Adventure Tour Guide,Leads and educates travelers in outdoor adventure activities.,"Outdoor Safety, Storytelling, First Aid"
Hospitality & Tourism,Restaurant Operations Manager,"Oversees restaurant service, staff, and profitability.","Food & Beverage Management, Leadership, Quality Control"
Construction & Real Estate,Construction Project Manager,Leads construction projects from planning to execution.,"Budgeting, Site Management, Risk Assessment"
Construction & Real Estate,Real Estate Agent,"Facilitates property sales, rentals, and negotiations.","Sales, Market Analysis, Client Relations"
Construction & Real Estate,Architect,Designs buildings and ensures aesthetic and functional integrity.,"CAD, Structural Design, Creativity"
Construction & Real Estate,Structural Engineer,Ensures the stability and safety of construction projects.,"Load Analysis, Material Strength, Engineering Principles"
Construction & Real Estate,Real Estate Developer,"Oversees property investment, design, and development.","Financial Analysis, Project Management, Market Trends"
Construction & Real Estate,Quantity Surveyor,Manages costs and budgets for construction projects.,"Cost Estimation, Budgeting, Contract Negotiation"
Construction & Real Estate,Facility Manager,Maintains and manages building infrastructure and operations.,"Maintenance Planning, Risk Management, Operations"
Construction & Real Estate,Urban Planner,Develops strategies for land use and infrastructure projects.,"Zoning Laws, City Development, GIS"
Construction & Real Estate,Site Safety Officer,Ensures compliance with health and safety regulations on sites.,"OSHA Compliance, Risk Management, Safety Inspections"
Construction & Real Estate,Property Manager,Handles residential or commercial property operations and maintenance.,"Lease Management, Tenant Relations, Maintenance Coordination"
Energy & Environment,Renewable Energy Engineer,Develops and implements sustainable energy systems.,"Solar, Wind, Energy Efficiency, Engineering"
Energy & Environment,Solar Energy Consultant,Advises on solar panel installation and energy savings.,"Photovoltaics, Cost Analysis, Renewable Energy"
Energy & Environment,Wind Turbine Technician,Maintains and repairs wind turbines.,"Electrical Systems, Mechanical Repair, Safety"
Energy & Environment,Energy Analyst,Assesses energy consumption and suggests efficiency improvements.,"Data Analysis, Sustainability, Energy Audits"
Energy & Environment,Battery Storage Engineer,Develops energy storage systems for renewable sources.,"Battery Technology, Electrical Engineering, Grid Integration"
Energy & Environment,Hydroelectric Plant Engineer,Designs and manages hydroelectric power generation systems.,"Hydrodynamics, Civil Engineering, Power Distribution"
Energy & Environment,Sustainability Consultant,Helps businesses implement eco-friendly practices.,"ESG, Carbon Footprint, Corporate Responsibility"
Energy & Environment,Smart Grid Analyst,Optimizes electrical grids using advanced technologies.,"Grid Modernization, Data Analytics, IoT"
Energy & Environment,Geothermal Engineer,Develops geothermal energy extraction and usage projects.,"Thermodynamics, Drilling, Renewable Energy"
Energy & Environment,Bioenergy Scientist,Researches biofuels and biomass energy solutions.,"Biotechnology, Energy Production, Sustainability"
Government & Public Services,Policy Analyst,Researches and evaluates government policies and their impact.,"Public Policy, Research, Data Analysis"
Government & Public Services,Civil Servant,Works within government departments to implement policies and services.,"Governance, Administration, Public Service"
Government & Public Services,Diplomat,Represents a nation in foreign relations and negotiations.,"International Relations, Negotiation, Communication"
Government & Public Services,Government Relations Specialist,Manages relationships between organizations and government bodies.,"Advocacy, Public Affairs, Legislative Process"
Government & Public Services,Urban Planner,Designs and develops urban spaces to optimize infrastructure and sustainability.,"Zoning Laws, GIS, City Planning"
Government & Public Services,Public Health Officer,Develops policies and programs to improve community health.,"Epidemiology, Public Health, Policy Development"
Government & Public Services,Intelligence Analyst,Gathers and assesses intelligence for national security.,"Data Analysis, Threat Assessment, Risk Management"
Government & Public Services,Social Welfare Administrator,Oversees social service programs and policies.,"Community Outreach, Program Management, Social Work"
Government & Public Services,Election Officer,Ensures fair and transparent electoral processes.,"Electoral Laws, Logistics, Public Engagement"
Government & Public Services,Economic Development Officer,Develops strategies to boost local and national economies.,"Economic Policy, Business Development, Market Analysis"
Media & Communications,Journalist,Reports and investigates news stories across various media platforms.,"Investigative Reporting, Writing, Media Ethics"
Media & Communications,Public Relations Specialist,Manages brand image and communication strategies for organizations.,"Crisis Management, Media Relations, Communication"
Media & Communications,Content Strategist,Develops content plans to engage audiences and drive traffic.,"SEO, Storytelling, Digital Marketing"
Media & Communications,Broadcast Producer,"Oversees production of radio, television, and digital broadcasts.","Media Production, Editing, Content Creation"
Media & Communications,Social Media Manager,Handles social media presence and engagement strategies.,"Digital Marketing, Analytics, Brand Management"
Media & Communications,Copywriter,Creates compelling marketing and advertising content.,"Persuasive Writing, Creativity, Branding"
Media & Communications,Corporate Communications Manager,Oversees internal and external company messaging.,"Public Relations, Crisis Communication, Writing"
Media & Communications,Video Editor,Edits video content for digital and traditional media.,"Post-Production, Storytelling, Editing Software"
Media & Communications,Advertising Manager,Plans and executes marketing campaigns across different media.,"Campaign Strategy, Market Research, Budgeting"
Media & Communications,Media Analyst,"Evaluates media trends, audience engagement, and impact.","Data Analytics, Market Research, Consumer Behavior"
Security & Defense,Cybersecurity Analyst,Protects digital infrastructure from cyber threats.,"Threat Intelligence, Ethical Hacking, Network Security"
Security & Defense,Ethical Hacker,Identifies and resolves security vulnerabilities in systems.,"Penetration Testing, Cryptography, Risk Assessment"
Security & Defense,Network Security Engineer,Designs and maintains secure network infrastructure.,"Firewall Configuration, Encryption, Intrusion Detection"
Security & Defense,IT Security Consultant,Advises organizations on cybersecurity strategies.,"Risk Management, Compliance, Security Policies"
Security & Defense,Digital Forensic Analyst,Investigates cybercrimes and data breaches.,"Forensic Investigation, Incident Response, Malware Analysis"
Security & Defense,Cloud Security Engineer,Secures cloud-based infrastructures and applications.,"Cloud Architecture, Data Encryption, Security Compliance"
Security & Defense,SOC (Security Operations Center) Analyst,Monitors and responds to cybersecurity incidents.,"Threat Detection, Incident Response, Security Monitoring"
Security & Defense,Malware Analyst,Analyzes and mitigates malicious software threats.,"Reverse Engineering, Cyber Threat Intelligence, Programming"
Security & Defense,Penetration Tester,Simulates cyberattacks to assess system vulnerabilities.,"Ethical Hacking, Exploitation Techniques, Network Security"
Security & Defense,CISO (Chief Information Security Officer),Oversees an organization's overall cybersecurity strategy.,"Leadership, Risk Management, Information Security Governance"
